Date,Cloud coverage,Visibility,Temperature,Dew point,Relative humidity,Wind speed,Station pressure,Altimeter,Solar energy
2/1/2016,0.1,9.45,3.11,0.32,79.46,4.7,29.23,30.02,20256
2/2/2016,0.8,3.94,6.99,6.22,93.6,13.29,28.91,29.7,1761
2/3/2016,0.87,8.7,1.62,0.02,85,16.73,29.03,29.82,2775
2/4/2016,0.37,10,-2.47,-5.89,74.52,9.46,29.46,30.26,28695
2/5/2016,0.52,9.21,-2,-4.15,82.03,5.92,29.55,30.35,9517
2/6/2016,0.13,8.12,0.91,-1.62,81.03,5.48,29.44,30.24,26973
2/7/2016,0.21,10,4.24,0.54,73.8,12.71,29.09,29.88,22365
2/8/2016,0.87,7.84,-3.33,-5.05,83.53,14.46,28.96,29.75,4995
2/9/2016,1,6.01,-7.8,-10.39,78.34,17.27,29.1,29.89,6641
2/10/2016,0.25,10,-9.72,-13.98,67.7,10.3,29.29,30.08,20758
2/11/2016,0.34,10,-7.64,-13.73,60.36,3.85,29.48,30.28,30910
2/12/2016,0.62,9.21,-5.78,-10,69.76,12.42,29.46,30.26,8105
2/13/2016,0.08,10,-10.12,-17.77,52.32,7.44,29.73,30.54,30358
2/14/2016,1,6.37,-7.29,-9.99,78.47,13.79,29.38,30.18,5814
2/15/2016,0.94,3.86,-2.42,-2.68,94.02,6.43,29.09,29.88,7570
2/16/2016,0.77,6.99,-1.29,-2.92,87.57,4.93,29.08,29.87,27097
2/17/2016,0.82,8.1,0.1,-2.43,82.52,5.6,29.44,30.24,7571
2/18/2016,0.42,7.96,3.44,0.32,78.58,15.08,29.41,30.21,19145
2/19/2016,0.04,10,10.03,4.24,65.97,17.97,29.04,29.82,20459
2/20/2016,0.04,10,10.54,2.92,56.86,10.75,29.15,29.94,30380
2/21/2016,0.6,10,4.86,1.64,78.61,10.27,29.29,30.08,27170
2/22/2016,0.3,10,3.02,-0.82,74.53,7.42,29.34,30.13,26656
2/23/2016,0.07,10,3.85,-1.32,69.81,13.39,29.19,29.98,26058
2/24/2016,1,4.44,0.98,-0.49,86.9,24.83,28.78,29.56,1468
2/25/2016,0.88,9.7,1.29,-1.71,77.66,13.36,29.2,30,14633
2/26/2016,0.56,10,-0.71,-3.64,76.76,8.22,29.22,30.24,16864
2/27/2016,0,9.48,4.25,0.7,75.45,10.82,29.21,30,32570
2/28/2016,0.28,9.99,10.59,5.47,63.23,21.01,26.93,29.69,25887
2/29/2016,0.19,10,6.68,1.49,52.65,12.14,21.42,29.95,31868
3/1/2016,0.8,9.38,1.19,-1.66,80.88,14.03,29.07,29.86,4046
3/2/2016,0.49,9.53,-1.43,-7.64,62.9,7.69,29.35,30.14,30943
3/3/2016,0.99,5.36,1.38,0.08,92.85,9.17,29.22,30.01,2916
3/4/2016,0.41,9.97,1.05,-2.63,76.56,5.96,29.36,30.16,30271
3/5/2016,1,7.42,3.88,1.3,80.86,9.46,29.34,30.14,9662
3/6/2016,0.3,9.08,6.55,2.27,72.02,12.98,29.34,30.13,28622
3/7/2016,0.75,9.81,11.55,7.68,76.49,11.57,29.14,29.93,8605
3/8/2016,0.47,10,16.13,11.75,73.06,13.53,29.15,29.94,23194
3/9/2016,0.92,8.32,16.23,13.82,83.36,10.22,29.15,29.94,7561
3/10/2016,0.43,9.32,9.07,7.34,67.12,8.48,22.73,30.09,6044
3/11/2016,0,8.94,8.02,5.16,80.66,7.09,29.5,30.3,26187
3/12/2016,0.72,5.94,11,8.93,87.3,6.99,29.28,30.07,8354
3/13/2016,1,5.84,14.04,13.66,96.34,7.19,28.95,29.74,6894
3/14/2016,0.97,5.4,12.41,12.25,94.41,3.87,28.93,29.72,7270
3/15/2016,0.56,7.16,15.69,12.9,82.21,13.93,28.83,29.62,29735
3/16/2016,0.35,9.9,11.34,3.08,58.68,19.38,28.99,29.78,33236
3/17/2016,0.29,10,9.18,-0.5,51.56,10.83,29.14,29.93,32029
3/18/2016,0.44,10,6.33,-1.25,57.39,7.77,29.28,30.08,26080
3/19/2016,0.88,9.99,5.12,0.29,69.64,7.42,29.34,30.13,13522
3/20/2016,0.71,10,4.14,-2.25,62.66,10.41,29.37,30.16,22677
3/21/2016,0.07,9.96,5.17,-1.98,60.84,9.22,29.34,30.13,34654
3/22/2016,0,9.92,12.43,3.27,53.06,16.94,29.01,29.8,29736
3/23/2016,0.57,10,15.66,10.13,68.05,16.45,28.96,29.75,18714
3/24/2016,0.94,8.84,9.76,7.61,84.41,16.83,28.86,29.64,9741
3/25/2016,0.63,10,3.07,-0.31,75.98,6.35,29.27,30.06,27801
3/26/2016,0.04,9.33,8.02,2.83,69.63,8.22,29.31,30.1,36515
3/27/2016,0.45,9.25,9.49,4.85,73.05,11.64,29.14,29.93,19152
3/28/2016,0.59,10,7.33,3.34,74.72,9.01,29.31,30.12,26108
3/29/2016,0,9.57,8.12,1.11,62.76,6.75,29.44,30.24,37038
3/30/2016,0.66,9,11.05,7.77,73.72,14.46,27.17,29.83,6266
3/31/2016,0.5,9.75,14.64,12.2,55.95,17.11,18.78,29.5,18860
4/1/2016,0.77,9.85,7.09,4.12,79.55,11.52,29,29.79,19151
4/2/2016,0.35,10,3.56,-3.32,61.2,20.08,29.06,29.85,31243
4/3/2016,0.1,10,9.85,1.48,56.58,16.91,29.1,29.89,37546
4/4/2016,0.73,10,4.81,-0.33,70.16,13.79,29.34,30.14,22913
4/5/2016,0.13,10,4.53,-3.1,57.58,11.86,29.48,30.28,36095
4/6/2016,0.8,8.41,8.93,5.4,78.5,15.18,28.88,29.66,3409
4/7/2016,0.85,9.94,4.82,1,75.46,14.1,28.97,29.76,19602
4/8/2016,0.82,9.57,3.62,0.26,78.27,16.09,29.11,29.9,13310
4/9/2016,0.2,10,0.97,-6.31,58.68,9.55,29.4,30.19,39413
4/10/2016,0.9,7.7,7.61,4.9,82.5,13.58,29.09,29.88,3764
4/11/2016,0.36,7.95,8.01,3.45,70.64,11.3,28.62,29.98,21961
4/12/2016,0,9.96,5.66,-2,57.98,6.92,28.64,30.31,38978
4/13/2016,0,10,8.91,0.63,58.23,7.89,29.46,30.26,31883
4/14/2016,0,10,12.2,1.77,52.9,10.41,29.39,30.19,26024
4/15/2016,0,10,16,4.59,48.43,9.18,29.37,30.17,31522
4/16/2016,0.13,9.99,18.57,7.21,48.57,5.85,29.45,30.26,32742
4/17/2016,0,10,19.31,5.56,43.15,4.74,29.54,30.34,37976
4/18/2016,0.01,9.8,19.81,6.43,43.02,4.07,29.46,30.26,34518
4/19/2016,0,10,19.45,7.82,47.84,5.72,29.35,30.14,19283
4/20/2016,0.76,9.31,16.2,11.64,74.05,9.9,29.23,30.02,14632
4/21/2016,0.71,7.74,15.84,13.68,84.73,5.14,29.06,29.85,18199
4/22/2016,0.46,8.69,12.68,9.57,81.25,9.9,29.21,30.01,34696
4/23/2016,0.18,9.9,12.14,6.82,68.23,5.91,29.32,30.11,30854
4/24/2016,0.22,7.5,17.17,10.37,65.19,10.07,29.15,29.94,35230
4/25/2016,0.43,10,22.03,13.31,56.68,13.71,28.97,29.76,28496
4/26/2016,0.4,9.24,18.02,13,72.13,10.83,28.99,29.79,11678
4/27/2016,0.97,5.28,13.74,11.61,87.52,14.72,28.98,29.78,6866
4/28/2016,0.8,7.48,14.74,12.28,85.99,5.99,29.07,29.86,14840
4/29/2016,0.57,6.4,11.46,8.9,79.15,6.66,27.32,30.06,17818
4/30/2016,0.86,3.06,12.86,12.22,88.28,10.17,26.91,29.88,3219
5/1/2016,0.97,4.35,13.41,12.31,93.86,7.49,29.13,29.92,15317
5/2/2016,0.83,8.47,10.64,8.38,83.45,8.42,29.22,30.01,12265
5/3/2016,0.63,9.99,13.18,6.65,63.51,8.77,29.12,29.91,27296
5/4/2016,0.86,9.9,11.38,6.78,72.07,12.78,28.98,29.77,22774
5/5/2016,0.34,10,11.85,5.69,64.78,10.47,29.16,29.95,22714
5/6/2016,0.13,9.99,17.07,6.8,51.52,8.27,29.15,29.94,32611
5/7/2016,0.41,10,17.89,8.8,56.48,11.13,29.03,29.82,19299
5/8/2016,0.72,9.47,13.56,9.28,75.49,5.86,29.15,29.94,13263
5/9/2016,0.99,7.43,15.75,14.36,91.21,11.92,29.1,29.9,9646
5/10/2016,0.8,9.08,18.43,16.83,87.44,9.72,29.09,29.88,15132
5/11/2016,0.71,6.45,18.58,16.86,88.16,7.47,29.2,29.99,22130
5/12/2016,0.47,9.32,16.98,14.02,79.39,11.28,29.2,29.99,11035
5/13/2016,0.32,9.63,14.82,9.57,71.09,11.18,29.2,29.99,32097
5/14/2016,0.81,10,7.85,2.86,68.83,15.83,29.25,30.04,22309
5/15/2016,0.17,10,9.56,0.88,56.3,9.2,29.35,30.15,38508
5/16/2016,0.44,9.96,12.65,4.45,56.57,7.6,29.38,30.18,25818
5/17/2016,0.94,9.99,12.06,8.45,75.51,6.82,29.39,30.19,12923
5/18/2016,0.39,10,13.68,5.56,57.1,6.56,29.39,30.19,28780
5/19/2016,0.08,10,16.39,5.07,48.75,5.41,29.37,30.16,37157
5/20/2016,0.54,9.96,15.87,7.05,53.57,8.71,29.3,30.09,12332
5/21/2016,0.28,10,18.14,5.6,44.7,8.59,29.29,30.08,34548
5/22/2016,0.04,10,20.3,6.04,41.79,7.88,29.26,30.05,34855
5/23/2016,0,10,20.78,6.85,41.77,6.29,29.2,29.99,35004
5/24/2016,0.17,10,22.71,11.86,49.43,10.08,29.22,30.01,33236
5/25/2016,0.15,9.99,23.59,16.68,65.76,10.99,28.98,29.99,28642
5/26/2016,0.44,9.11,22,19.44,82.73,9.44,29.15,29.94,19633
5/27/2016,0.52,9.66,21.92,19.21,81.61,12.14,29.12,29.91,20148
5/28/2016,0.35,10,23.19,19.29,76.5,14.17,29.17,29.96,22141
5/29/2016,0.22,9.95,23.45,15.97,63.5,8.45,29.26,30.05,31871
5/30/2016,0.13,9.94,23.42,14,55.22,4.21,27.1,30.02,28506
5/31/2016,0.26,9.87,22.63,16.49,49.29,6.23,22.37,29.97,20576
6/1/2016,0.63,9.67,22.27,19.43,80.97,3.32,29.17,29.96,18553
6/2/2016,0,10,22.46,12.51,53.16,5.88,29.25,30.04,32663
6/3/2016,0.14,10,22.53,11.63,48.44,3.01,29.25,30.04,28284
6/4/2016,0.67,8.75,19.72,18.13,87.55,6.41,29.05,29.84,8273
6/5/2016,0.35,10,20.79,15.21,68.98,11.61,28.96,29.75,28213
6/6/2016,0.22,10,22.82,10.62,47.89,12.81,28.94,29.73,37255
6/7/2016,0.23,10,18.7,9.25,53.13,10.72,29.07,29.86,35506
6/8/2016,0,10,18.82,8.65,53.39,3.63,29.21,30,37020
6/9/2016,0.25,10,23.32,13.73,53.59,7.75,29.21,30,29142
6/10/2016,0.14,10,27.49,18.88,58,9.51,29.21,30,34062
6/11/2016,0.21,10,27.68,19.41,59.4,9.76,29.22,30.01,32494
6/12/2016,0.16,10,25.42,13.31,48.31,8.62,29.28,30.07,32316
6/13/2016,0.14,10,25.03,14.03,49.83,4.36,28.76,29.97,33323
6/14/2016,0.38,9.28,24.94,21.9,82.75,8.2,28.85,29.85,27921
6/15/2016,0.28,8.83,26.82,22.67,78.98,7.97,29,29.79,32508
6/16/2016,0.36,9.99,24.18,19.12,72.4,10.58,29.07,29.86,37113
6/17/2016,0.06,9.58,23.09,14.66,58.31,9.56,29.24,30.03,36626
6/18/2016,0.11,10,23.95,13.91,50.92,6.3,28.81,30.19,36122
6/19/2016,0.26,9.9,25.87,20.08,67.81,5.28,29.41,30.21,31689
6/20/2016,0.38,9.78,27.22,21.47,68.99,11.21,28.89,30.11,32434
6/21/2016,0.08,9.98,23.59,16.83,63.57,7.89,29.22,30.01,37319
6/22/2016,0.61,9.05,23.91,21.44,85.09,10.19,29.11,29.9,16855
6/23/2016,0.21,10,26.17,20.99,71.54,9.11,29.09,29.88,34494
6/24/2016,0.24,9.42,23.14,18.69,73.38,3.95,28.97,30.05,28709
6/25/2016,0.12,9.89,26.23,21.73,74.77,6.1,29.28,30.07,35055
6/26/2016,0.27,9.76,25.67,23.16,83.83,4.69,29.24,30.04,23801
6/27/2016,0.01,9.77,24.97,17.94,64.13,7.94,29.28,30.08,35454
6/28/2016,0.3,10,20.41,14.91,68.95,7.8,29.33,30.12,29679
6/29/2016,0,10,18.3,11,60.47,4.15,27.31,30.12,38446
6/30/2016,0.11,10,20.86,15.31,51.63,4.99,21.48,30,30098
7/1/2016,0.43,9.72,20.87,15.36,70.19,8.27,29.27,30.06,34032
7/2/2016,0.25,10,16.33,12.95,77.01,2.96,29.35,30.15,12168
7/3/2016,0.98,6.79,17.26,16.68,94.6,7.21,29.23,30.03,5395
7/4/2016,0.94,5.9,21.01,19.93,91.71,2.95,29.1,29.89,12426
7/5/2016,0.67,8.11,24.41,21.02,80.38,4.66,28.76,29.92,29445
7/6/2016,0.23,8.71,23.16,20.78,84.94,6.59,29.09,29.88,19052
7/7/2016,0.41,7.99,23.29,21.43,86.75,7.39,29.05,29.85,24834
7/8/2016,0.15,9.88,24.07,20.17,77.65,7.31,29.1,29.89,33872
7/9/2016,0.18,10,21.79,17.39,73.93,6.12,29.25,30.04,34424
7/10/2016,0,9.99,21.98,16.48,70.33,3.8,29.26,30.05,36918
7/11/2016,0.16,9.86,24.81,20.48,77.18,8.5,29.19,29.98,32295
7/12/2016,0.28,8.31,25.1,21.75,82.03,7.63,29.12,29.91,27092
7/13/2016,0.48,7.88,23.55,21.33,88.41,7.83,29.13,29.92,19714
7/14/2016,0.11,10,23.77,19.54,77.35,7.54,29.15,29.94,32485
7/15/2016,0.12,9.99,22.2,18.46,76.93,7.57,29.24,30.03,36645
7/16/2016,0.11,10,21.18,16.32,72.06,4.07,29.33,30.12,35804
7/17/2016,0.13,9.7,23.6,21.59,86.81,8.76,29.28,30.07,22581
7/18/2016,0.31,9.35,24.73,21.61,83.02,4.97,29.36,30.16,21662
7/19/2016,0.56,7.25,25.22,22.24,81.77,2.87,29.41,30.22,24809
7/20/2016,0.2,9.45,25.3,21.93,80.34,3.55,29.38,30.18,31376
7/21/2016,0.18,7.88,27.35,25.02,85.41,7,29.28,30.09,25157
7/22/2016,0.08,9.72,24.96,21.8,80.96,6.06,29.22,30.04,28907
7/23/2016,0.09,8.58,26.49,23.86,82.93,3.54,29.18,29.99,28845
7/24/2016,0.18,6.63,26.85,24.31,85.34,8.08,29.16,29.97,29696
7/25/2016,0.25,9.53,24.26,21.9,83.18,4.92,29.2,30.01,20909
7/26/2016,0.36,10,24.07,20.15,75.27,5.06,29.23,30.04,26875
7/27/2016,0.06,9.58,23.84,20.51,79.06,3.86,29.18,29.99,31097
7/28/2016,0.34,8.7,23.39,21.31,84.92,3.78,29.09,29.9,22214
7/29/2016,0.44,7.53,22.54,20.48,84.53,4.97,29.11,29.92,27284
7/30/2016,0.34,8.85,21.58,19.42,85.03,5.43,29.15,29.97,29089
7/31/2016,0.15,8.6,22.56,19.64,72.03,4.45,26.72,30.03,24400
8/1/2016,0.13,8.29,23.33,20.47,81.64,5.53,29.24,30.06,26117
8/2/2016,0.22,9.36,23.8,21.13,80.3,2.83,29.26,30.07,24646
8/3/2016,0.12,8.84,25.03,21.91,78.13,4.38,29.24,30.04,29016
8/4/2016,0.09,9.28,25.34,22.05,76.96,2.73,29.17,29.97,26909
8/5/2016,0.32,9.48,24.38,22.12,83.66,5.33,29.13,29.92,23463
8/6/2016,0.18,10,22.34,18.14,70.91,6.53,29.19,29.99,29127
8/7/2016,0.16,10,21.68,16.35,67.06,6.52,29.23,30.03,30312
8/8/2016,0.15,10,23.14,19.45,75.03,4.26,29.21,30,27994
8/9/2016,0.33,10,24.23,19.46,71.63,2.19,29.21,30.01,28753
8/10/2016,0.13,9.11,25.55,21.78,75.2,3.01,29.27,30.07,30561
8/11/2016,0.22,7.66,27.06,24.47,83.21,6.76,29.19,29.98,29647
8/12/2016,0.37,8.64,26.44,24.66,87.58,7.4,29.06,29.86,21130
8/13/2016,0.76,8.61,23.66,22.54,89.18,7.05,29.1,29.89,17072
8/14/2016,0.22,9.69,21.74,20.89,89.16,2.89,29.27,30.06,13002
8/15/2016,0.99,6.24,22.4,22.25,96.56,8.27,29.21,30,4072
8/16/2016,0.61,8.15,23.92,22.35,89.11,5.29,29.28,30.08,22241
8/17/2016,0.62,5.64,23.92,22.61,89.2,4,29.31,30.11,25074
8/18/2016,0.33,7.88,24.29,21.86,85.56,5.53,29.26,30.05,27377
8/19/2016,0.41,7.35,23.9,22.32,87.97,5.72,29.14,29.93,21707
8/20/2016,0.52,8.58,22.71,21.05,88.31,9.25,28.96,29.74,20057
8/21/2016,0.17,9.99,18.7,15.6,79.44,7.07,29.2,29.99,34230
8/22/2016,0.14,10,19.19,15.52,76.36,2.32,29.38,30.18,34762
8/23/2016,0.34,10,21.12,17.78,79.63,5.9,29.39,30.19,29378
8/24/2016,0.5,8.89,24.99,22.86,87.79,8.12,29.23,30.03,18564
8/25/2016,0.34,9.68,24.69,22.44,85.44,6.04,29.27,30.06,30676
8/26/2016,0.47,8.62,23.86,22.17,87.7,4.18,29.32,30.11,23835
8/27/2016,0.52,9.95,24.95,22.93,85.51,4.38,29.29,30.08,26148
8/28/2016,0.23,9.67,25.35,22.98,84.55,2.93,29.37,30.17,26149
8/29/2016,0.03,9.46,25.51,22.76,81.85,2.56,29.39,30.19,30348
8/30/2016,0.09,8.05,24.04,22.74,82.17,3.8,27.3,30.11,22026
8/31/2016,0.18,8.72,22.63,19.66,60.76,7.16,21.48,30.05,20706
9/1/2016,0.18,10,19.25,14.45,71.82,10.72,29.35,30.14,31504
9/2/2016,0.09,10,18.7,14.21,72.31,8.05,29.11,30.2,32931
9/3/2016,0.13,10,19.37,14.81,73.32,5.84,29.38,30.17,30192
9/4/2016,0.01,10,20.99,15.94,74.47,5.33,29.36,30.16,29865
9/5/2016,0.36,9.99,25.07,21.48,80.36,6.41,29.32,30.12,27026
9/6/2016,0.18,9.35,26.81,23.44,79.64,7.79,29.31,30.1,26341
9/7/2016,0.27,9.98,27.21,23.63,78.08,8.52,29.24,30.03,25049
9/8/2016,0.56,7.54,23.49,22.91,94.38,5.46,29.14,29.93,8637
9/9/2016,0.93,4.91,21.76,21.25,95.18,4.04,29.14,29.93,8348
9/10/2016,0.52,7.82,19.79,16.71,80.69,8.41,29.18,29.98,23804
9/11/2016,0.03,10,17.69,12.2,70.28,2.26,29.38,30.18,33934
9/12/2016,0,10,19.03,13.88,72.43,4.29,29.31,30.11,33640
9/13/2016,0.21,10,22.17,17.82,75.97,3.8,29.3,30.09,26532
9/14/2016,0.52,8.67,21.9,19.07,82.54,6.83,29.39,30.19,21074
9/15/2016,0.39,8.27,22.23,18.57,79.96,5.66,29.36,30.15,22952
9/16/2016,0.49,9.02,21.93,20.61,89.81,6.83,29.22,30.01,11245
9/17/2016,0.5,8.53,22.14,18.5,78.92,5.4,29.17,29.96,26135
9/18/2016,0.12,9.72,21.23,14.62,67.32,2.8,29.2,29.99,30307
9/19/2016,0,10,21.45,14.17,65.31,4,29.27,30.06,33103
9/20/2016,0.15,10,23.92,18.64,71.69,2.38,29.33,30.13,27701
9/21/2016,0.07,8.99,23.42,17.66,70.67,3.11,29.35,30.14,28154
9/22/2016,0,9.99,23.58,16.22,64.76,3.53,29.26,30.05,27424
9/23/2016,0.01,8.89,24.35,18.86,72.04,4.28,29.27,30.07,28642
9/24/2016,0.5,4.59,23.97,19.96,77.53,6.43,29.32,30.11,26180
9/25/2016,0.36,7.85,23.81,19.08,75.68,6.79,29.24,30.03,21348
9/26/2016,0.15,9.93,16.71,7.07,57.1,9.86,29.25,30.04,31228
9/27/2016,0.02,9.96,16.69,5.27,49.15,8.93,29.07,29.86,33487
9/28/2016,0.85,10,13.85,9.98,75.95,9.77,29.12,29.91,17006
9/29/2016,0.72,9.8,16.51,14.18,79.55,10.69,27.58,30.11,17982
9/30/2016,0.67,8.58,16.92,16.02,67.9,10.2,22.19,30.05,7162
10/1/2016,0.88,7.56,16.6,14.98,89.52,4.07,29.21,30,16084
10/2/2016,0.78,8.56,16.52,13.63,81.27,3.65,29.28,30.07,15527
10/3/2016,0.78,9.04,17.13,13.18,78.51,2.23,29.29,30.08,16590
10/4/2016,0.34,9.96,19.61,14.2,71.02,7.28,29.23,30.02,31462
10/5/2016,0.35,9.99,21.43,16.52,72.37,8.47,29.21,30,22642
10/6/2016,0.36,9.31,22.34,17.43,73.58,4.8,29.28,30.07,17674
10/7/2016,0.13,9.8,15.77,11.19,70.88,9.41,29.33,30.13,22751
10/8/2016,0,10,12.07,4.89,59.21,4.84,29.48,30.28,32386
10/9/2016,0.01,10,14.83,7.39,60.75,4.94,29.51,30.31,29969
10/10/2016,0.01,8.38,15.89,8.7,62.53,2.24,29.49,30.29,26312
10/11/2016,0.21,8.23,17.74,9.86,61.76,6.51,29.37,30.16,23093
10/12/2016,0.81,8.89,15.57,13.62,86.06,11.13,29.28,30.07,9905
10/13/2016,0.19,9.8,9.42,4.41,69.4,3.95,29.49,30.29,32558
10/14/2016,0.02,9.65,12.53,7.32,71.23,5.78,29.41,30.21,28965
10/15/2016,0.63,7.49,18.98,16.25,83.52,10.66,29.25,30.04,11314
10/16/2016,0.6,9.74,19.91,18.12,85.89,9.4,29.13,29.92,6014
10/17/2016,0.19,9.96,23.64,18.25,70.21,17.18,28.92,29.7,26013
10/18/2016,0.41,10,21.6,16.7,69.82,11.9,29,29.78,9249
10/19/2016,0.58,9.48,15.53,12.06,75.97,6.59,28.98,30.06,8060
10/20/2016,0.98,9.47,12.7,11.08,86.67,9.75,29.3,30.09,6859
10/21/2016,0.4,10,7.73,3.42,70.28,8.89,29.06,30.15,19900
10/22/2016,0.14,10,8.35,3.58,69.32,6.02,29.3,30.1,28926
10/23/2016,0.03,9.75,14.45,9.02,65.98,10.22,29.23,30.03,27937
10/24/2016,0,9.92,10.53,5.44,68.87,7.67,29.53,30.33,25668
10/25/2016,0.59,9.92,10.12,5.08,72.95,8.19,29.56,30.36,11539
10/26/2016,0.84,8.96,13.16,11.01,86.22,10.87,29.31,30.1,6363
10/27/2016,0.99,9.87,9.51,7.8,86.46,7.68,29.42,30.22,4090
10/28/2016,0.05,8.69,13.19,11.15,84.47,11.16,29.36,30.15,21889
10/29/2016,0.08,10,20.67,15.55,70.42,13.79,29.19,29.98,20111
10/30/2016,0.44,9.83,13.91,10.43,71.89,10.78,27.29,30.11,16663
10/31/2016,0.01,10,13.13,10.67,61.18,8.86,21.8,30.04,18050
11/1/2016,0,9.43,19.78,14.83,72.04,9.72,29.19,29.98,19233
11/2/2016,0.57,9.44,18.99,16.1,83.53,6.43,29.32,30.12,10862
11/3/2016,0.55,7.53,15.14,13.75,87.44,7.52,29.13,30.22,15279
11/4/2016,0.01,9.5,10.45,7.05,76.75,4.44,29.31,30.4,26916
11/5/2016,0,9.84,10.33,7.19,76.05,3.27,29.28,30.37,20675
11/6/2016,0.01,9.68,11.14,7.08,74.67,2.61,29.54,30.34,25116
11/7/2016,0.12,10,12,7.73,73.06,2.37,29.49,30.29,21845
11/8/2016,0.68,8.59,11.38,10.11,88.28,6.55,29.42,30.22,2516
11/9/2016,0.08,9.93,7.15,4.51,78.98,6.46,29.51,30.31,24367
11/10/2016,0,10,8.53,4.67,72.21,11,29.35,30.14,25838
11/11/2016,0.09,10,7.83,3.83,72.06,12.44,29.46,30.26,15219
11/12/2016,0.01,9.88,3.87,0.07,74.03,2.29,29.6,30.4,25110
11/13/2016,0,10,4.44,-0.22,68.02,6.12,29.39,30.18,25474
11/14/2016,0.08,9.94,8.92,4.93,73.05,6.79,29.16,29.95,20376
11/15/2016,0.09,7.75,7.68,5.8,82.52,5.45,29.12,29.91,22628
11/16/2016,0.07,7.75,8.94,5.99,79.89,2.16,29.14,29.93,22240
11/17/2016,0.01,9.77,15.07,9.66,70.57,11.86,29.07,29.86,17284
11/18/2016,0.62,9.59,12.62,8.5,73.69,16.88,29.11,29.9,6834
11/19/2016,0.67,10,1.68,-2.56,71.68,19.14,29.43,30.23,7811
11/20/2016,0,10,-1.75,-5.53,73.12,5.93,29.52,30.32,24367
11/21/2016,0,10,-0.25,-4.38,72.65,2.14,29.49,30.29,23094
11/22/2016,0.39,9.66,4,-0.08,74.28,10.68,29.43,30.23,15725
11/23/2016,0.99,4.25,6.62,6.27,94.99,10.39,29.2,29.99,1028
11/24/2016,1,8.35,4.3,2.84,87.36,8.17,29.41,30.2,1689
11/25/2016,0.99,8.34,4.41,2.44,84.55,5.96,29.54,30.34,4682
11/26/2016,0.37,8.38,4.4,3.22,87.09,7.57,29.5,30.3,15544
11/27/2016,0.76,5.17,3.87,3.14,91.84,12.1,29.2,29.99,4159
11/28/2016,0.96,7.75,8.67,7.97,92.37,20.82,28.69,29.48,770
11/29/2016,0.11,10,9.66,8.29,81.1,12.05,26.81,29.56,16258
11/30/2016,0.21,9.88,3.18,0.92,59.55,10.32,21.27,29.69,13058
12/1/2016,0.99,10,2.93,0.04,79.06,12.09,29.16,29.95,4527
12/2/2016,1,9.92,3.4,1.01,81.99,7.95,29.43,30.22,4409
12/3/2016,0.69,9.96,1.23,-1.4,80.07,5.95,29.53,30.33,8894
12/4/2016,0.99,5.45,0.7,0.28,94.05,6.88,29.23,30.02,1347
12/5/2016,0.61,8.67,1.33,0.68,93.75,7.8,29.2,29.99,2407
12/6/2016,0.37,6.55,1.49,0.22,55.79,10.09,18.06,29.87,4263
12/7/2016,0.18,9.96,-1.09,-4.71,21.89,10.85,8.59,30.16,13350
12/8/2016,0.05,9.72,-5.7,-9.01,21.98,16.87,8.64,30.38,5835
12/9/2016,0.08,9.81,-4.63,-8.23,22.22,8.9,8.84,30.54,7768
12/10/2016,0.05,8.32,-3.68,-6.78,22.53,7.78,8.82,30.45,6329
12/11/2016,0.07,7.2,0.93,-0.91,24.02,11.36,9.12,29.94,1066
12/12/2016,0.11,9.28,-2.16,-4.05,22.91,9.59,8.82,30.07,12981
12/13/2016,0.08,8.23,-5.83,-8.83,35.93,8.33,14.88,30.19,716
12/14/2016,0.19,10,-9.61,-14.6,61.24,12.23,29.46,30.25,1214
12/15/2016,0.21,10,-11.15,-17.61,56.81,9.36,29.63,30.43,15970
12/16/2016,1,7.92,-5.72,-10.14,69.6,12.44,29.22,30.01,2762
12/17/2016,1,5.2,-3,-3.69,92.2,7.45,28.94,29.73,1654
12/18/2016,0.29,9.26,-13.87,-16.33,79.27,11.48,29.67,30.47,15359
12/19/2016,0,9.98,-12.98,-15.76,75.02,5.28,29.87,30.67,16648
12/20/2016,0,9.99,-5.33,-8.16,76.51,9.81,29.22,30.31,1602
12/21/2016,0,9.99,-1,-3.18,80.41,8.24,29.3,30.09,13895
12/22/2016,0.3,9.78,1.78,-0.23,83.18,8.23,29.51,30.31,14016
12/23/2016,0.74,5.44,1.12,0.52,92.58,9.38,29.37,30.16,14137
12/24/2016,0.99,4.35,3.37,2.59,93.07,4.87,29.41,30.21,14258
12/25/2016,1,1.61,4.21,3.93,96.97,12.52,29.42,30.22,14379
12/26/2016,0.66,9.11,8.49,6.51,83.46,13.93,28.94,30.02,14500
12/27/2016,0,10,0.09,-2.71,79.03,9.65,29.39,30.18,14622
12/28/2016,0.29,10,1.76,-0.59,82.14,9.05,29.19,29.98,14774
12/29/2016,0.48,10,1.8,-2.1,73.82,17.94,29.18,29.97,17049
12/30/2016,0.28,10,0.41,-4.06,65.08,15.25,27.21,30.01,16552
12/31/2016,0.16,9.99,2.3,-2.72,51.9,12.88,23.06,29.79,15106
1/1/2017,0.11,9.77,-0.61,-3.64,79.56,5.37,29.3,30.09,19450
1/2/2017,1,3.15,5.05,4.43,95.96,7.53,29.18,29.97,2596
1/3/2017,0.91,4.42,2.87,2.44,94.84,13.71,29.04,29.83,1553
1/4/2017,0.29,9.87,-7.61,-11.7,70.17,16.02,29.3,30.09,18800
1/5/2017,0.89,7.14,-10.95,-13.98,76.9,8.78,29.29,30.08,1115
1/6/2017,0.27,9.36,-16.06,-18.72,72.7,5.2,29.5,30.3,3318
1/7/2017,0.3,10,-12.89,-15.42,74.46,7.5,29.74,30.55,8325
1/8/2017,0.27,10,-11.72,-15.36,70.44,7.52,29.83,30.63,15273
1/9/2017,0.57,10,-2.08,-5.87,72.47,15.6,29.43,30.23,8816
1/10/2017,0.79,9.5,4.89,3.07,86.72,22.92,28.95,29.74,1169
1/11/2017,0.61,5.38,5.52,4.83,94.68,11.15,29.03,29.82,2869
1/12/2017,0.79,7.34,-0.38,-1.5,88.45,10.75,28.47,30.15,3069
1/13/2017,0.33,10,-2.75,-5.74,77.5,10.91,29.82,30.63,10681
1/14/2017,0.95,5.09,-0.61,-1.37,92.61,4.77,29.67,30.47,2549
1/15/2017,0.76,5.25,-0.02,-1.14,90.98,3.42,29.56,30.36,5795
1/16/2017,1,1.15,5.2,4.86,97.85,8.25,29.28,30.08,2799
1/17/2017,1,7.98,5.76,5.33,94.78,14.33,29.16,29.95,2592
1/18/2017,0.72,7.05,2.56,1.85,92.58,8.92,29.34,30.13,7494
1/19/2017,0.7,3.63,4.34,4.01,95.85,8.08,29.09,29.88,3127
1/20/2017,1,5.29,8.43,8.3,96.88,6.41,28.85,29.63,3787
1/21/2017,0.34,7.56,11.03,9.4,88.03,7.52,28.78,29.56,20879
1/22/2017,0.81,4.9,6.4,5.91,94.84,11.04,28.8,29.58,13980
1/23/2017,1,8.3,4.07,3.19,91.26,11.79,28.93,29.75,2447
1/24/2017,0.8,8.93,3.83,2.35,86.81,6.19,28.48,29.53,3709
1/25/2017,0.7,9.43,4.73,2.54,83.72,15.94,28.8,29.58,5446
1/26/2017,0.99,8.64,0.18,-1.12,87.14,17.03,28.82,29.89,3341
1/27/2017,0.84,9.95,-2.07,-4.21,81.01,13.35,28.88,29.94,2271
1/28/2017,0.86,9.79,-0.89,-3.04,83.23,11.92,29.04,29.83,10091
1/29/2017,1,9.25,-2.61,-5.74,77,10.01,29.09,29.88,2373
1/30/2017,0.1,9.99,-2.87,-5.23,74.08,10.22,27.13,29.88,16065
1/31/2017,0.62,10,3.8,0.79,61.12,14.23,23.04,29.84,11140
2/1/2017,0.63,10,1.85,-2.06,73.03,10.09,28.75,30.12,13716
2/2/2017,0.02,10,-4.81,-10.9,48.59,10.82,23.51,30.39,24585
2/3/2017,0.07,10,-5.4,-12.07,21.25,7.93,8.61,30.47,25191
2/4/2017,0.38,10,-2.88,-10.04,51.24,11.02,26.8,30.23,16241
2/5/2017,0,10,1.59,-3.46,66.78,8.05,28.66,30.03,27558
2/6/2017,0.64,3.9,4.03,3.44,93.94,7.4,29.07,29.86,4422
2/7/2017,0.96,6.73,10.48,9.33,88.49,16.61,28.19,29.53,6383
2/8/2017,0.85,7.04,-2.69,-4.01,87.17,10.67,29.15,29.94,1896
2/9/2017,0.21,10,-10.26,-13.85,72.67,9.59,29.52,30.32,1773
2/10/2017,0.09,9.92,1.37,-2,75.98,13.3,29.16,29.95,11702
2/11/2017,0.39,8.8,10.55,8.56,84.93,7.39,29.05,29.84,20898
2/12/2017,0.31,7.9,5.1,0.57,74.07,16.48,29.36,30.16,28664
2/13/2017,0.1,10,2,-2.46,71.54,6.98,29.45,30.25,25261
2/14/2017,0.04,10,4.7,0.49,71.97,11.03,29.08,29.87,25617
2/15/2017,0.01,10,0.58,-5.01,65.88,10.87,29.12,29.91,31502
2/16/2017,0.16,10,3.22,-2.63,65.49,8.46,29.07,29.86,21195
2/17/2017,0,10,10.89,2.72,56.22,11.5,28.94,29.73,29973
2/18/2017,0.07,9.3,11.35,5.64,66.61,10.29,29,29.79,22477
2/19/2017,0.46,4.26,11.33,8.51,83.8,5.42,29.25,30.05,20726
2/20/2017,0.36,6.41,13.82,9.97,78.74,11.5,29.26,30.06,21287
2/21/2017,0.74,8.97,13.61,11.92,85.54,3.03,29.15,29.94,5489
2/22/2017,0.46,6.27,13.96,11.95,84.09,8.72,28.99,29.78,21775
2/23/2017,0.62,8.07,11.87,9.95,86.56,8.09,28.92,29.7,9243
2/24/2017,0.54,9.96,12.55,9.57,79.69,18.77,28.75,29.54,13472
2/25/2017,0.62,9.16,-1.9,-5.59,73.14,17.66,29.13,29.92,23598
2/26/2017,0.22,10,1.07,-6.63,56.81,12.38,29.29,30.08,23588
2/27/2017,0.48,10,7.75,2.19,66.75,8.36,27.29,30.11,23467
2/28/2017,0.65,7.59,13.93,12.83,67.67,15.61,21.42,29.76,3416
3/1/2017,0.89,9.3,6.8,4.53,82.93,21.18,28.99,29.77,5592
3/2/2017,0.54,10,0.81,-3.2,73.19,12.66,29.49,30.29,27052
3/3/2017,0.27,10,-0.98,-6.96,63.26,6.47,29.75,30.56,34579
3/4/2017,0.22,10,5.02,-2.95,57.95,13.35,29.61,30.41,33340
3/5/2017,0.64,10,9.78,3.73,66.54,15.8,29.4,30.19,18516
3/6/2017,1,9.03,13.68,11.84,85.64,22.88,29.11,29.9,2679
3/7/2017,0.39,9.65,9.21,4.19,69.53,15.99,29.15,29.94,31333
3/8/2017,0.07,10,7.36,-1.41,54.19,13.35,29.35,30.14,34840
3/9/2017,0.25,10,6.09,-3.05,55.29,10.88,29.31,30.11,28306
3/10/2017,0.25,10,0.54,-12.22,39.23,13.09,29.56,30.36,34814
3/11/2017,0.32,10,-1.93,-16.39,32.3,7.57,29.66,30.46,25592
3/12/2017,0.25,10,-0.57,-11.5,44.01,4,29.57,30.37,31249
3/13/2017,0.93,5.15,-1.89,-2.91,89.34,10.58,29.35,30.14,580
3/14/2017,0.58,8.69,-5.27,-7.94,77.75,9.02,29.48,30.28,2941
3/15/2017,0.05,10,-5.47,-9.99,67.52,9.14,29.58,30.38,22813
3/16/2017,0.17,10,0.62,-5.62,63.11,6.79,29.49,30.29,35771
3/17/2017,0.68,7.72,6.44,4.22,83.8,8.97,29.24,30.03,6146
3/18/2017,0.92,10,3.34,0.5,77.33,12.02,29.42,30.22,8140
3/19/2017,0.16,10,6.22,0.87,69.3,6.44,29.47,30.27,35855
3/20/2017,0.76,8.64,11.48,7.66,79.77,11.69,29.2,29.99,21654
3/21/2017,0.38,8.72,6.62,2.42,75.51,10.91,29.41,30.21,19671
3/22/2017,0.1,10,1.34,-5.15,63.41,13.19,29.67,30.47,37680
3/23/2017,0.57,10,5.17,-1.25,63.72,12.39,29.44,30.24,12225
3/24/2017,0.32,10,17.82,11.78,67.52,15.09,29.21,30,31050
3/25/2017,0.81,9.76,16.37,13.59,82.31,9.91,29.14,29.93,8155
3/26/2017,0.93,9.41,13.49,11.8,87.02,10.91,29.09,29.88,13622
3/27/2017,0.89,7.01,11.63,10.39,90.1,7.35,29.11,29.9,12651
3/28/2017,1,9.92,8.83,5.55,80.54,10.85,29.29,30.09,25093
3/29/2017,0.89,9.04,11.05,6.91,75.56,15.24,29.26,30.05,12814
3/30/2017,0.86,7.88,12.72,11.76,86.78,10.51,26.91,29.61,7017
3/31/2017,0.62,7.14,6.14,5.46,67.7,11.15,21.41,29.83,5601
4/1/2017,0.22,9.34,8.14,4.02,73.76,5.95,29.29,30.19,34371
4/2/2017,0.1,9.71,11.39,6.31,67.29,8.08,27.65,30.04,28304
4/3/2017,0.92,9.44,14.09,12.01,82.24,11.2,28.02,29.51,8730
4/4/2017,0.93,8.37,11.36,9.46,87.2,11.19,28.97,29.76,13194
4/5/2017,1,8.38,8.04,7.15,92.91,17.46,28.85,29.64,8828
4/6/2017,0.74,9.81,7.08,3.02,70.63,17.89,27.4,29.85,25844
4/7/2017,0,10,6.91,-0.18,57.49,8.89,26.71,30.09,39197
4/8/2017,0,10,11.84,3.89,59.48,12.23,29.2,29.99,37237
4/9/2017,0,10,18.39,9.73,55.51,19.95,29.01,29.8,27589
4/10/2017,0.38,9.95,18.22,13.86,73.16,14.68,29.12,29.91,11365
4/11/2017,0.43,9.99,10.52,6.62,74.04,7.05,29.42,30.22,21140
4/12/2017,0,9.8,11.92,4.7,62.68,3.68,29.54,30.34,36635
4/13/2017,0.44,10,17.5,10.45,65.6,8.39,29.42,30.22,24473
4/14/2017,0.5,9.78,19.03,13.21,71.58,8.63,29.34,30.14,26121
4/15/2017,0.24,10,21.66,13.48,58.95,14.8,29.22,30.01,33003
4/16/2017,0.45,9.83,16.96,13.72,77.71,10.81,29.23,30.02,11888
4/17/2017,0.13,10,15.67,5.48,50.89,3.85,29.36,30.16,4010
4/18/2017,0.16,10,17.82,9.72,58.99,10.61,29.3,30.09,28700
4/19/2017,0.25,9.98,22.74,16.48,35.38,10.7,12.92,30.02,1277
4/20/2017,0.37,10,19.68,13.59,48.13,16.24,22.26,29.93,8515
4/21/2017,0.19,10,10.3,3.61,62.81,11.77,29.28,30.07,22074
4/22/2017,0,10,10.73,1.33,53.48,15.11,29.31,30.11,31051
4/23/2017,0,10,13.14,-1.3,37.86,9.4,29.27,30.06,39354
4/24/2017,0,10,16.26,0.6,35.76,8.51,29.08,29.87,38564
4/25/2017,0,10,19.72,10.48,55.03,12.6,28.86,29.65,35268
4/26/2017,0.62,9.35,20.05,14.41,70.15,14.99,28.72,29.5,23390
4/27/2017,0.88,9.73,9.73,7.83,84.58,13.22,28.9,29.69,11426
4/28/2017,0.84,7.56,11.65,10.8,91.49,9.3,29.1,29.89,6314
4/29/2017,0.86,5.62,12.29,11.67,87.81,14.82,27.09,29.61,4487
4/30/2017,0.64,7.77,16.95,16.27,69.1,11.16,21.83,29.7,7081
5/1/2017,0.9,9.79,10.72,7.54,77.26,19.58,28.78,29.56,14126
5/2/2017,0.58,10,9.9,5.17,71.91,15.38,29.08,29.87,29112
5/3/2017,0.62,9.85,8.46,5.85,80.11,5.9,29.32,30.11,10922
5/4/2017,0.8,8.48,8.14,7.1,90.65,20.16,29.05,29.84,5180
5/5/2017,0.12,10,10.78,5.44,70.45,15.34,28.98,29.77,39832
5/6/2017,0.54,9.87,11.32,6.59,73.37,8.61,29.04,29.83,31074
5/7/2017,0.01,10,11.08,1.68,54.07,6.06,29.23,30.02,40086
5/8/2017,0.38,10,12.32,5.29,61.92,6.62,29.26,30.06,26564
5/9/2017,0.38,9.1,17.5,13.26,79.29,9.75,29.1,29.9,32614
5/10/2017,0.5,7.35,19.84,16.17,81.29,7.82,29.09,29.89,28754
5/11/2017,0.79,7.92,14.76,12.84,87.31,8.67,29.13,29.92,1202
5/12/2017,0.1,9.96,15.85,9.14,63.96,7.96,29.14,29.93,14457
5/13/2017,0.02,10,18.86,9.56,54.33,6.52,29.12,29.91,38705
5/14/2017,0.01,9.98,22.09,11.69,52.03,9.89,29.12,29.91,38677
5/15/2017,0,10,23,13.92,58.22,6.75,29.14,29.93,37786
5/16/2017,0.01,9.96,24.2,15.59,57.71,15.29,29.05,29.84,37100
5/17/2017,0.29,9.05,24.88,16.34,58.07,21.09,28.95,29.74,27248
5/18/2017,0.26,9.93,25.07,16.66,58.85,15.71,29.06,29.85,30629
5/19/2017,0.96,8.12,12.31,10.91,91.11,13.5,29.23,30.03,14363
5/20/2017,0.58,7.3,18.26,16.63,89.39,11.22,29.15,29.94,20861
5/21/2017,0.74,10,15.04,11.31,76.33,11.5,29.22,30.01,26170
5/22/2017,0.35,10,16.36,10.06,66.35,7.6,29.24,30.03,38775
5/23/2017,0.91,9.66,16.6,13.44,79.58,5.01,28.97,29.76,16224
5/24/2017,1,6.12,14.55,13.85,92.73,8.98,28.76,29.54,8324
5/25/2017,0.67,8.21,15.05,13.02,86.61,9.58,28.89,29.67,19978
5/26/2017,0.47,7.93,19.54,16.54,84.44,7.55,29.02,29.81,22488
5/27/2017,0.57,6.83,19.41,17.68,87.86,5.37,29.07,29.86,23505
5/28/2017,0.41,8.94,20.86,15.73,71.85,8.87,28.98,29.77,27236
5/29/2017,0.22,10,21.37,9.73,49.07,11.02,29.1,29.89,34442
5/30/2017,0.31,9.96,19.77,7.51,45.51,10.91,27.2,29.99,35074
5/31/2017,0.07,10,19.4,7.34,41.7,9.02,21.47,30.02,40245
6/1/2017,0,9.96,20.44,5.58,39.93,3.85,29.28,30.07,38827
6/2/2017,0,10,22.84,7.8,40.76,2.47,29.28,30.07,38568
6/3/2017,0.39,10,26.07,14.18,48.95,3.75,29.22,30.01,34298
6/4/2017,0.2,10,26.32,18.6,61.1,8.67,29.07,29.86,32115
6/5/2017,0.07,9.85,24.36,14.31,58.55,10.57,29.02,29.81,37906
6/6/2017,0.01,10,19.47,7.78,48.19,13.37,29.2,29.99,40189
6/7/2017,0.04,10,19.46,8.06,47.73,12.03,28.98,30.06,40181
6/8/2017,0,10,20.98,7.97,43.6,3.33,29.18,29.97,39044
6/9/2017,0.25,10,23.82,11.65,45.23,10.35,29.08,29.87,34267
6/10/2017,0,10,24.92,12.87,46.24,13.06,29.13,29.92,38834
6/11/2017,0.02,10,26.43,15.81,50.57,12.62,29.19,29.98,38147
6/12/2017,0.13,10,28.17,19.35,57.68,9.13,29.19,29.98,35034
6/13/2017,0.27,9.96,28.18,21.4,66.57,9.17,29.18,29.97,30293
6/14/2017,0.29,9.89,26.6,21.03,71.38,10.89,29.12,29.92,29842
6/15/2017,0.17,9.96,25.19,19.56,70.7,6.67,29.08,29.88,31239
6/16/2017,0.19,10,25.27,19.32,68.2,5.97,29.04,29.83,20976
6/17/2017,0.38,9.92,25.68,20.81,72.86,9.26,28.91,29.7,10268
6/18/2017,0.42,10,23.05,17.81,72.26,10.31,28.95,29.74,10744
6/19/2017,0.37,9.85,21.26,14.17,66.61,10.6,29.12,29.91,12760
6/20/2017,0.26,9.98,22,14.64,66.67,7.72,28.9,29.97,11647
6/21/2017,0.1,9.96,24.56,19.37,73.57,4.48,29.15,29.94,9427
6/22/2017,0.69,9.1,25.16,22.15,80.29,11.25,29.06,29.85,8129
6/23/2017,0.51,9.23,23.32,18.6,76.6,8.2,28.97,29.76,7070
6/24/2017,0.18,10,19.11,11.29,62.18,10.34,29.25,30.04,12730
6/25/2017,0.27,9.86,18.33,9.33,56.07,9.51,29.35,30.15,12936
6/26/2017,0.29,9.84,16.25,10.36,68.43,8.86,29.34,30.13,9928
6/27/2017,0.02,9.71,17.54,9.45,61.24,2.59,29.32,30.12,13460
6/28/2017,0.07,10,22.4,15.02,63.03,11.89,29.18,29.97,10550
6/29/2017,0.27,9.76,26.08,19.71,63.68,11.83,27.08,29.86,9970
6/30/2017,0.4,9.02,24.24,21.48,62.39,6.48,21.37,29.86,7094
7/1/2017,0.15,9.99,23.49,17.5,69.1,8.39,29.19,29.98,12116
7/2/2017,0.13,10,24.08,17.46,66.14,4.98,28.99,30.07,12776
7/3/2017,0.12,9.99,25.84,19.04,65.02,3.42,29.25,30.04,12268
7/4/2017,0.15,9.39,24.76,21.08,78.89,3.32,29.27,30.06,10848
7/5/2017,0.03,9.29,25.32,21.64,79.37,4.97,29.28,30.08,8418
7/6/2017,0.22,9.93,25.91,21.64,76.46,3.59,29.2,30,10456
7/7/2017,0.4,9.94,26.04,21.48,73.16,8.98,29.12,29.91,10177
7/8/2017,0.15,10,22.02,15.95,68.01,5.67,29.24,30.03,36269
7/9/2017,0.17,10,23.95,18.38,71.14,4.24,29.24,30.03,32666
7/10/2017,0.46,9.96,25.73,21.4,74.44,10.38,29.08,29.87,21542
7/11/2017,0.45,9.65,24.77,22.73,84.93,8.06,29.14,29.93,14309
7/12/2017,0.16,9.98,27.18,23.86,78.67,8.17,29.17,29.96,29784
7/13/2017,0.45,9.53,25.84,23.7,84.49,5.1,29.24,30.03,19288
7/14/2017,0.14,10,22.45,18.1,74.67,8.26,29.33,30.12,38579
7/15/2017,0.33,9.97,20.21,17.02,78.04,1.13,29.33,30.12,30399
7/16/2017,0.35,9.36,23.2,19.63,77.85,6.24,29.21,30,31392
7/17/2017,0.26,10,22.76,16.86,66.34,6.55,29.23,30.03,36389
7/18/2017,0,10,23.89,17.87,66.09,2.77,29.29,30.08,37095
7/19/2017,0.49,9.32,26.56,23.65,83.27,3.42,29.31,30.1,32352
7/20/2017,0.22,9.24,27.04,24.55,84.46,5.27,29.22,30.01,25836
7/21/2017,0.23,9.89,27.93,24.67,80.79,5.04,29.16,29.95,31601
7/22/2017,0.47,9.75,26.21,23.76,86.21,5.86,29.05,29.84,22140
7/23/2017,0.36,9.36,26.07,22.46,79.77,7.62,28.76,29.84,29748
7/24/2017,0.35,9.61,22.03,18.63,79.26,8.11,29.22,30.01,26263
7/25/2017,0.04,9.99,21.84,17.28,74.3,5.77,29.36,30.16,36790
7/26/2017,0.27,9.41,24.57,21.81,83.62,5.09,29.26,30.05,28983
7/27/2017,0.75,9.13,24.49,22.72,86.16,7.03,29.13,29.92,14737
7/28/2017,0.41,9.93,22.19,18.38,74.74,11.4,29.15,29.94,25950
7/29/2017,0.08,10,19.82,14.54,67.13,8.87,29.3,30.09,37640
7/30/2017,0.11,10,21.75,15.27,61.27,4.53,27.36,30.18,35410
7/31/2017,0.19,10,23.32,17.33,48.91,2.4,21.57,30.17,33291
8/1/2017,0.21,9.91,22.79,19.13,75.74,2.24,29.29,30.08,21828
8/2/2017,0.29,7.84,22.77,19.39,78.69,1.79,29.25,30.04,29194
8/3/2017,0.39,9.09,23.11,20.29,81.88,6.58,29.17,29.96,27461
8/4/2017,0.52,10,16.3,12.45,76.83,9.63,29.21,30,22924
8/5/2017,0.08,10,18.88,14.51,72.34,3.61,29.29,30.08,29110
8/6/2017,0.92,9.93,19.4,17.35,84.74,4.52,29.23,30.02,10605
8/7/2017,0.53,10,20.23,16.72,76.18,5.15,29.26,30.05,21582
8/8/2017,0.04,10,19.45,13.19,64.74,4.17,29.38,30.18,36183
8/9/2017,0.05,10,20.32,14.24,66.18,2.43,29.38,30.18,35216
8/10/2017,0.28,9.95,22.78,17.75,71.05,4.82,29.28,30.08,31449
8/11/2017,0.43,9.88,21.56,18.12,77.96,6.29,29.22,30.01,27643
8/12/2017,0.21,10,19.41,14.59,69.85,6.87,29.27,30.06,35501
8/13/2017,0.08,9.91,19.74,14.39,67.55,2.74,29.24,30.03,33738
8/14/2017,0.49,9.98,22.87,17.66,69.39,2.89,29.1,29.89,29671
8/15/2017,0.37,9.03,24.22,20.79,77.55,3.39,29.13,29.92,31368
8/16/2017,0.36,9.01,24.35,22.6,85.56,6.37,29.16,29.95,10910
8/17/2017,0.48,9.91,24.1,20.82,79.2,8.47,29.05,29.84,25669
8/18/2017,0.17,9.9,22.91,18.13,72.66,7.31,29.11,29.9,32503
8/19/2017,0.16,9.94,23.02,18.6,73.06,3.01,29.17,29.96,25978
8/20/2017,0.17,9.98,24.96,21.14,77.63,3.77,29.24,30.03,16347
8/21/2017,0.15,8.89,25.08,22.28,82.52,5.86,29.26,30.06,19316
8/22/2017,0.54,9.32,21.38,18.68,82.38,8.13,29.18,29.97,23102
8/23/2017,0.08,10,18.39,12.71,68.07,6.63,29.27,30.06,33758
8/24/2017,0.11,9.84,18.71,13.33,68.78,6.13,29.31,30.1,32084
8/25/2017,0,9.85,18,11.74,67.37,6.5,29.42,30.22,32186
8/26/2017,0.05,9.37,19.59,13.51,68.08,5.45,29.42,30.22,32036
8/27/2017,0.37,10,20.57,15.38,71.33,3.68,29.3,30.1,29241
8/28/2017,0.66,9.15,20.1,17.34,83.54,4.35,29.23,30.02,24982
8/29/2017,0.27,9.47,20.25,17.5,80.43,3.76,29.24,30.03,28299
8/30/2017,0.13,8.61,20.32,16.95,73.01,4.58,27.27,30.07,29873
8/31/2017,0.19,9.75,19.82,16.91,59.11,10.56,21.55,30.09,23294
9/1/2017,0.04,10,16.01,11.71,72.85,12.24,29.3,30.09,30971
9/2/2017,0.21,10,16.05,10.22,64.58,6.39,29.24,30.03,36736
9/3/2017,0.12,10,20.09,14.74,67.78,3.32,29.23,30.02,32237
9/4/2017,0.24,9.98,22.28,17.88,72.87,10.33,29.06,29.85,24948
9/5/2017,0.35,10,16.57,9.88,63.17,11.42,29.15,29.94,33975
9/6/2017,0.4,10,12.98,8.46,69.07,8.29,28.38,30.03,27330
9/7/2017,0.14,10,14.16,8.74,66.21,6.99,28.43,30.09,29592
9/8/2017,0.13,10,17.48,10.21,63.55,4.39,29.41,30.21,33204
9/9/2017,0.07,10,17.81,12.03,69.91,8.79,29.54,30.34,34158
9/10/2017,0,10,16.2,8.95,64.23,6.7,29.56,30.36,35197
9/11/2017,0,10,16.32,10.51,66.08,7.45,29.39,30.19,29472
9/12/2017,0.22,10,19.17,12.45,65.86,10.47,29.11,29.9,23176
9/13/2017,0.99,9.19,18.63,16.76,86.72,3.61,28.98,29.77,9515
9/14/2017,0.44,8.32,20.15,16.77,79.65,2.33,29.12,29.91,25236
9/15/2017,0.09,9.13,22.33,16.68,71.49,5.17,29.23,30.02,30593
9/16/2017,0.13,9.24,23.43,17.28,68.69,4.11,29.29,30.08,26555
9/17/2017,0.52,9.45,23.16,18.64,74.33,4.85,29.29,30.08,23697
9/18/2017,0.68,9,23.44,19.57,79.54,5.13,29.23,30.02,21443
9/19/2017,0.51,9.54,21.65,19.6,86.48,1.03,29.14,29.94,16174
9/20/2017,0.04,8.73,25.47,20.47,75.71,6.48,29.14,29.93,27582
9/21/2017,0.07,9.08,26.66,21.71,73.76,3.6,29.23,30.02,24996
9/22/2017,0.2,9.91,25.98,20.1,69.64,2.84,29.27,30.07,22893
9/23/2017,0.1,9.53,25.92,19.76,68.6,2.17,29.28,30.07,28183
9/24/2017,0.04,9.91,24.79,17.09,62.09,3.08,29.26,30.05,29165
9/25/2017,0.13,9.96,24.72,16.48,59.98,2.29,29.2,29.99,24911
9/26/2017,0.15,10,25.25,17.74,63.78,5.07,29.18,29.97,26371
9/27/2017,0.14,10,19.49,12.95,65.85,9.74,29.3,30.09,21979
9/28/2017,0.09,9.96,15.38,9.59,66,4.78,29.38,30.17,32424
9/29/2017,0.02,10,16.26,8.04,58.57,7.21,27.39,30.22,31786
9/30/2017,0,10,14.03,6.12,49.89,5.98,21.68,30.35,32979
10/1/2017,0.08,10,15.95,6.52,56.33,7.78,29.38,30.18,29982
10/2/2017,0.38,10,21.77,11.54,55.07,8.83,29.38,30.18,23899
10/3/2017,0.72,9.94,21.27,18.34,82.43,9.9,29.51,30.31,10099
10/4/2017,0.92,9.86,21.53,19.71,86.57,6.08,29.49,30.29,7416
10/5/2017,0.89,8.04,19.56,18.59,90.18,4.45,29.35,30.15,7536
10/6/2017,0.95,8.1,20.76,19.44,92.61,6.08,29.17,29.96,5239
10/7/2017,0.39,9.7,20.9,16.36,77.64,15.08,28.92,29.71,19562
10/8/2017,0.43,8.66,18.6,13.18,74.32,5.34,29,29.8,27449
10/9/2017,0.36,8.14,20.69,16.22,79.43,2.37,29.13,29.92,23026
10/10/2017,0.94,7.2,20.56,18.02,86.9,7.94,29.22,30.01,11687
10/11/2017,1,4.38,15.03,14.61,97.65,9.02,29.25,30.05,3423
10/12/2017,0.74,5.66,14.74,13.97,95.31,2.74,29.35,30.14,7357
10/13/2017,0.35,8.43,17.31,13.19,79.02,6.49,29.34,30.13,27741
10/14/2017,0.41,10,22.98,17.16,71.27,11.06,29.18,29.97,21437
10/15/2017,0.94,9.6,14.37,10.22,76.66,15.05,29.29,30.08,9210
10/16/2017,0.01,10,11.08,4.83,68.99,6.36,29.5,30.3,30306
10/17/2017,0.01,10,12.91,5.38,63.66,8.98,29.45,30.25,30038
10/18/2017,0,10,13.77,6.94,67.45,8.71,29.36,30.16,29589
10/19/2017,0,9.79,16.63,11,72.13,2.58,29.36,30.16,27093
10/20/2017,0,9.92,17.28,10.28,67.69,6.43,29.36,30.16,25673
10/21/2017,0.17,10,18.73,13.06,70.62,10.42,29.29,30.08,14594
10/22/2017,0.86,8.29,16.75,14.18,85.58,14.23,29.19,29.98,5244
10/23/2017,0.92,8.92,11.9,10.99,93.82,11.41,28.98,29.77,3190
10/24/2017,0.89,9.45,7.36,5.28,86.94,12.65,28.98,29.77,5427
10/25/2017,0.23,10,5.87,2.89,82.33,5.56,29.04,29.83,13737
10/26/2017,0.01,10,10.59,5.32,72.74,9.61,28.97,29.76,27465
10/27/2017,0.89,10,5.79,0.04,67.37,13.62,29.08,29.87,15797
10/28/2017,0.99,9.67,3.43,-0.11,77.87,9.67,29.15,29.94,6400
10/29/2017,0.58,10,4.96,-0.9,67.58,5.53,29.07,29.86,8537
